track_name,artist_name,danceability,energy,valence,acousticness,year
Say So,Doja Cat,0.787,0.673,0.779,0.264,2020
Blinding Lights,The Weeknd,0.514,0.73,0.334,0.00146,2020
Supalonely (feat. Gus Dapperton),BENEE,0.862,0.631,0.841,0.291,2020
Savage,Megan Thee Stallion,0.843,0.741,0.68,0.0252,2020
Moral of the Story,Ashe,0.572,0.406,0.265,0.587,2020
Rain On Me (with Ariana Grande),Lady Gaga,0.672,0.855,0.646,0.021,2020
Babylon,Lady Gaga,0.698,0.799,0.351,0.0129,2020
Replay,Lady Gaga,0.658,0.878,0.683,0.00792,2020
My Oh My (feat. DaBaby),Camila Cabello,0.724,0.491,0.383,0.018,2020
Physical,Dua Lipa,0.647,0.844,0.746,0.0137,2020
Glitter,BENEE,0.801,0.589,0.58,0.0863,2020
Put Your Records On,Ritt Momney,0.399,0.491,0.151,0.0563,2020
Stuck with U (with Justin Bieber),Ariana Grande,0.597,0.45,0.537,0.223,2020
Break My Heart,Dua Lipa,0.73,0.729,0.467,0.167,2020
Selfish,Madison Beer,0.375,0.461,0.233,0.627,2020
LEMONS - Demo,Brye,0.501,0.168,0.514,0.901,2020
The Less I Know The Better,Tame Impala,0.64,0.74,0.785,0.0115,2020
Buttercup,Jack Stauber,0.705,0.373,0.551,0.723,2020
Dissolve,Absofacto,0.688,0.582,0.872,0.23,2020
Sunday Best,Surfaces,0.878,0.525,0.694,0.183,2020
Airplane Mode,Limbo,0.665,0.373,0.07,0.852,2020
Chinese New Year,SALES,0.744,0.845,0.749,0.759,2020
LMK,Lil Xxel,0.748,0.457,0.464,0.0292,2020
Why Is Everything Chrome (Lean Swag Rock Wit It),King Critical,0.915,0.392,0.675,0.112,2020
Figure It Out,Blu DeTiger,0.747,0.554,0.585,0.493,2020
They Call Me Tiago (Her Name Is Margo),Tiagz,0.878,0.578,0.148,0.196,2020
My Heart Went Oops,Tiagz,0.96,0.412,0.49,0.119,2020
Muffins In The Freezer,Tiagz,0.965,0.412,0.486,0.0778,2020
Beggin',Madcon,0.715,0.796,0.431,0.0284,2020
Kolors,monte booker,0.718,0.403,0.636,0.263,2020
Play Date,Melanie Martinez,0.68,0.729,0.446,0.612,2020
Ride It,Regard,0.88,0.751,0.884,0.177,2020
No Idea,Don Toliver,0.651,0.631,0.35,0.519,2020
Go Stupid (feat. NLE Choppa & Mike WiLL Made-It),Polo G,0.92,0.833,0.645,0.0277,2020
Cannibal,Kesha,0.71,0.68,0.571,0.0078,2020
Lottery (Renegade),K CAMP,0.915,0.556,0.67,0.0145,2020
Bad Boy,Yung Bae,0.861,0.82,0.781,0.032,2020
Hard Times,Paramore,0.695,0.818,0.916,0.00647,2020
death bed (coffee for your head),Powfu,0.726,0.431,0.348,0.731,2020
Backyard Boy,Claire Rosinkranz,0.817,0.635,0.454,0.323,2020
cardigan,Taylor Swift,0.613,0.581,0.551,0.537,2020
Beef FloMix,Flo Milli,0.879,0.733,0.913,0.216,2020
Psycho!,MASN,0.876,0.312,0.377,0.443,2020
Party Girl,StaySolidRocky,0.728,0.431,0.629,0.749,2020
Electric Love,BØRNS,0.611,0.797,0.518,0.00543,2020
Producer Man,Lyn Lapid,0.66,0.639,0.75,0.129,2020
ily (i love you baby) (feat. Emilee),Surf Mesa,0.674,0.774,0.33,0.0686,2020
Mariposa,Peach Tree Rascals,0.676,0.525,0.421,0.617,2020
FML,Arizona Zervas,0.816,0.59,0.612,0.0854,2020
Savage Love (Laxed - Siren Beat),Jawsh 685,0.767,0.481,0.761,0.234,2020
Stunnin',Curtis Waters,0.906,0.604,0.899,0.329,2020
Deep End,Fousheé,0.711,0.592,0.535,0.758,2020
Freak,Doja Cat,0.688,0.716,0.373,0.0969,2020
Funny Thing,Thundercat,0.586,0.893,0.65,0.827,2020
Money Trees,Kendrick Lamar,0.716,0.531,0.344,0.0703,2020
Wait a Minute!,WILLOW,0.764,0.705,0.672,0.0371,2020
Eyes Blue Like The Atlantic,Sista Prod,0.736,0.279,0.476,0.65,2020
Mood (feat. iann dior),24kGoldn,0.701,0.716,0.732,0.174,2020
Mad at Disney,salem ilese,0.738,0.621,0.715,0.424,2020
Boss Bitch,Doja Cat,0.707,0.955,0.575,0.127,2020
Falling,Trevor Daniel,0.785,0.431,0.236,0.123,2020
Moon (And It Went Like),Kid Francescoli,0.662,0.657,0.0584,0.288,2020
Just Fine,Mary J. Blige,0.923,0.795,0.588,0.0394,2020
Smile,Lily Allen,0.632,0.639,0.733,0.00143,2020
Bulletproof,La Roux,0.674,0.882,0.682,0.000441,2020
Heather,Conan Gray,0.357,0.425,0.27,0.584,2020
Juicy,Doja Cat,0.785,0.652,0.484,0.102,2020
Blueberry Faygo,Lil Mosey,0.774,0.554,0.349,0.207,2020
American Boy,Estelle,0.727,0.729,0.512,0.171,2020
Can't Stop Singing,Ross Lynch,0.513,0.69,0.777,0.51,2020
Like That (feat. Gucci Mane),Doja Cat,0.874,0.487,0.371,0.237,2020
Gimme Love,Joji,0.484,0.632,0.0736,0.695,2020
Mine,Bazzi,0.719,0.803,0.712,0.0148,2020
What They Want,Russ,0.71,0.404,0.398,0.484,2020
La La La,Naughty Boy,0.754,0.677,0.254,0.112,2020
ROXANNE,Arizona Zervas,0.621,0.601,0.457,0.0522,2020
Homage,Mild High Club,0.546,0.468,0.416,0.153,2020
Opaul,Freddie Dredd,0.822,0.871,0.648,0.00567,2020
"Part of Your World - From ""The Little Mermaid"" / Soundtrack Version",Jodi Benson,0.387,0.132,0.323,0.914,2020
Relationship (feat. Future),Young Thug,0.842,0.597,0.298,0.00252,2020
Borderline,Tame Impala,0.621,0.873,0.873,0.0406,2020
Renee,SALES,0.924,0.386,0.424,0.755,2020
Don't Start Now,Dua Lipa,0.794,0.793,0.677,0.0125,2020
Freak (feat. REI AMI),Sub Urban,0.619,0.45,0.41,0.433,2020
Candy,Doja Cat,0.689,0.516,0.209,0.513,2020
Ophelia,The Lumineers,0.664,0.573,0.566,0.613,2020
Violent Crimes,Kanye West,0.665,0.417,0.04,0.374,2020
Someone To You,BANNERS,0.511,0.93,0.673,0.0056,2020
Plastic Hearts,Miley Cyrus,0.551,0.756,0.618,0.0511,2020
Primadonna,MARINA,0.66,0.689,0.427,0.0884,2020
Check It Out,will.i.am,0.848,0.694,0.728,0.0493,2020
Hood Baby,KBFR,0.974,0.472,0.806,0.0488,2020
Shoota (feat. Lil Uzi Vert),Playboi Carti,0.673,0.649,0.47,0.188,2020
I Just Want to Be the One You Love,Boxout,0.497,0.349,0.251,0.967,2020
Make You Mine,PUBLIC,0.606,0.799,0.638,0.0128,2020
To Be So Lonely,Harry Styles,0.758,0.436,0.605,0.618,2020
Hotel Room Service,Pitbull,0.849,0.599,0.761,0.00301,2020
M to the B,Millie B,0.897,0.513,0.692,0.571,2020
Say So (feat. Nicki Minaj),Doja Cat,0.856,0.641,0.745,0.119,2020
What's My Name?,Rihanna,0.69,0.786,0.583,0.229,2020
Whatcha Say,Jason Derulo,0.615,0.711,0.711,0.0444,2020
Hey Julie! (feat. Lil Yachty),KYLE,0.801,0.505,0.757,0.0446,2020
Crush,Tessa Violet,0.91,0.402,0.825,0.0297,2020
Mr. Blue Sky,Electric Light Orchestra,0.388,0.338,0.478,0.652,2020
Myron,Lil Uzi Vert,0.771,0.654,0.573,0.055,2020
I'm Looking for Mrs. Bubblegum,Memetown,0.977,0.39,0.962,0.214,2020
Partition,Beyoncé,0.418,0.441,0.172,0.029,2020
Lets Link,WhoHeem,0.839,0.683,0.522,0.00667,2020
Are You Bored Yet? (feat. Clairo),Wallows,0.682,0.683,0.64,0.156,2020
Trampoline,SHAED,0.689,0.412,0.537,0.488,2020
Paper Planes,M.I.A.,0.447,0.848,0.485,0.033,2020
She Belongs to the Streets (Toxic),Rontae Don't Play,0.893,0.296,0.321,0.00348,2020
OUT WEST (feat. Young Thug),JACKBOYS,0.802,0.591,0.309,0.0104,2020
Breathe,Years & Years,0.746,0.486,0.417,0.222,2020
Yellow Hearts,Ant Saunders,0.866,0.438,0.695,0.177,2020
Needs,Verzache,0.813,0.601,0.855,0.189,2020
"Sofia the First Main Title Theme - From ""Sofia the First""",Cast - Sofia the First,0.655,0.789,0.66,0.423,2020
Mi Pan Su Su Sum,Miel Pops,0.696,0.375,0.688,0.27,2020
Wasabi,Little Mix,0.847,0.656,0.234,0.00451,2020
CITY OF ANGELS,24kGoldn,0.686,0.541,0.724,0.042,2020
Rags to Riches,YoungBoy Never Broke Again,0.763,0.604,0.18,0.0838,2020
Hatchback,Cochise,0.734,0.692,0.348,0.0221,2020
VIBEZ,DaBaby,0.768,0.652,0.777,0.113,2020
Obnimi (Remix),Okean Elzi,0.714,0.845,0.51,0.199,2020
All About Cake (feat. Coi Leray & Kaash Paige),KyleYouMadeThat,0.905,0.521,0.533,0.213,2020
Lose Control,MEDUZA,0.598,0.526,0.529,0.129,2020
Coño,Puri,0.847,0.573,0.332,0.00739,2020
Grow A Pear,Kesha,0.863,0.667,0.892,0.0154,2020
Say So - Japanese Version,Rainych,0.732,0.668,0.705,0.775,2020
Photo ID,Remi Wolf,0.822,0.66,0.802,0.111,2020
TROLLZ (with Nicki Minaj),6ix9ine,0.744,0.422,0.493,0.0319,2020
Working Bitch,Ashnikko,0.928,0.392,0.454,0.0374,2020
Like That (feat. Gucci Mane),Doja Cat,0.879,0.498,0.405,0.239,2020
Rags2Riches 2 (feat. Lil Baby),Rod Wave,0.874,0.443,0.298,0.147,2020
Work Out,J. Cole,0.831,0.427,0.216,0.0531,2020
The Box,Roddy Ricch,0.896,0.586,0.642,0.104,2020
Calabria 2008,Enur,0.891,0.657,0.453,0.00833,2020
Lalala,Y2K,0.843,0.39,0.495,0.178,2020
Ben 10 - Theme Song,Kids Superstars,0.738,0.799,0.882,0.249,2020
The Dice Beat Pt. 1,Ricky Desktop,0.946,0.269,0.0999,0.018,2020
Crimewave,Crystal Castles,0.746,0.691,0.888,0.184,2020
Mr. Sandman,The Chordettes,0.616,0.426,0.589,0.634,2020
Toy,Netta,0.786,0.712,0.795,0.0706,2020
Tonight You Belong To Me,Patience & Prudence,0.68,0.32,0.769,0.954,2020
It Won't Stop (feat. Chris Brown) - EP Version,Sevyn Streeter,0.657,0.574,0.211,0.016,2020
All I Want,Olivia Rodrigo,0.376,0.43,0.129,0.0902,2020
Stronger,Kanye West,0.617,0.717,0.49,0.00564,2020
After Party,Don Toliver,0.629,0.692,0.453,0.00981,2020
"King's Dead (with Kendrick Lamar, Future & James Blake)",Jay Rock,0.645,0.705,0.376,0.000813,2020
Take It Off,Kesha,0.729,0.675,0.74,4.14e-05,2020
3 Musketeers,NextYoungin,0.91,0.617,0.572,0.258,2020
Heal Me,Lady Gaga,0.606,0.544,0.456,0.0481,2020
Queen of Disaster,Scarlett Rose,0.688,0.316,0.688,0.631,2020
Leave Em Alone,Quality Control,0.517,0.747,0.506,0.0189,2020
Hurts So Good,Astrid S,0.675,0.609,0.378,0.084,2020
Confident,Justin Bieber,0.738,0.563,0.876,0.113,2020
I'd Rather Sleep,Kero Kero Bonito,0.765,0.579,0.855,0.0107,2020
Coffee Breath,Sofia Mills,0.866,0.211,0.198,0.974,2020
Ready or Not,Bridgit Mendler,0.715,0.872,0.748,0.00351,2020
Toosie Slide,Drake,0.834,0.454,0.837,0.321,2020
Roses - Imanbek Remix,SAINt JHN,0.77,0.724,0.898,0.0167,2020
No Idea,Don Toliver,0.652,0.631,0.35,0.524,2020
Go Crazy,Chris Brown,0.755,0.578,0.581,0.316,2020
No Guidance (feat. Drake),Chris Brown,0.696,0.454,0.136,0.123,2020
Please Mr. Postman - Single Version / Mono,The Marvelettes,0.785,0.776,0.967,0.729,2020
Get Up (feat. Chamillionaire),Ciara,0.964,0.595,0.629,0.0248,2020
Lay All Your Love On Me,ABBA,0.695,0.701,0.58,0.0187,2020
Vibe (If I Back It Up),Cookiee Kawaii,0.754,0.568,0.175,0.0635,2020
Something New (feat. Ty Dolla $ign),Wiz Khalifa,0.814,0.635,0.784,0.0935,2020
Magic In The Hamptons (feat. Lil Yachty),Social House,0.769,0.479,0.803,0.66,2020
Watermelon Sugar,Harry Styles,0.548,0.816,0.557,0.122,2020
Paradise,Coldplay,0.449,0.585,0.212,0.0509,2020
Cyber Sex,Doja Cat,0.917,0.657,0.818,0.318,2020
We Know,Lin-Manuel Miranda,0.718,0.484,0.692,0.312,2020
All The Stars (with SZA),Kendrick Lamar,0.698,0.633,0.552,0.0605,2020
Because Of You,Ne-Yo,0.81,0.538,0.828,0.528,2020
Chanel,Frank Ocean,0.776,0.503,0.473,0.874,2020
Round of Applause,K'ron,0.42,0.656,0.448,0.494,2020
Daisy,Ashnikko,0.834,0.663,0.774,0.235,2020
"More Than A Woman - From ""Saturday Night Fever"" Soundtrack",Bee Gees,0.632,0.683,0.701,0.163,2020
Won't Bite (feat. Smino),Doja Cat,0.807,0.783,0.592,0.351,2020
Heads Will Roll - A-Trak Remix,Yeah Yeah Yeahs,0.744,0.614,0.774,0.00685,2020
Just Can’t Get Enough,Black Eyed Peas,0.659,0.628,0.262,0.186,2020
Drugs,UPSAHL,0.883,0.415,0.318,0.35,2020
SUGAR,BROCKHAMPTON,0.453,0.538,0.516,0.449,2020
Y U Gotta B Like That,Audrey Mika,0.732,0.413,0.761,0.287,2020
Take Your Man,Mahogany Lox,0.934,0.658,0.344,0.411,2020
Save Your Tears,The Weeknd,0.68,0.826,0.644,0.0212,2020
Love Songs,Kaash Paige,0.64,0.355,0.451,0.83,2020
GOOBA,6ix9ine,0.611,0.688,0.393,0.0264,2020
Bored In The House,Tyga,0.928,0.372,0.732,0.0202,2020
Bound 2,Kanye West,0.367,0.665,0.31,0.145,2020
Still into You,Paramore,0.602,0.923,0.765,0.0098,2020
Don't Wanna Fall In Love,KYLE,0.487,0.617,0.604,0.0151,2020
prom dress,mxmtoon,0.56,0.674,0.421,0.698,2020
fast,Sueco,0.877,0.503,0.529,0.164,2020
High Fashion (feat. Mustard),Roddy Ricch,0.831,0.499,0.511,0.269,2020
Knock at the Door,Playsongs People,0.604,0.151,0.216,0.821,2020
Be My Baby,The Ronettes,0.512,0.771,0.803,0.168,2020
Something For Your M.I.N.D.,Superorganism,0.698,0.542,0.664,0.132,2020
Mary Jane (All Night Long),Mary J. Blige,0.784,0.298,0.846,0.125,2020
Electric Feel,MGMT,0.763,0.803,0.561,0.0709,2020
Savage Remix (feat. Beyoncé),Megan Thee Stallion,0.822,0.743,0.636,0.016,2020
Dancing in My Room,347aidan,0.98,0.413,0.764,0.671,2020
20 Min,Lil Uzi Vert,0.773,0.75,0.783,0.109,2020
Throw That Back Like a Cadillac,El Memer,0.894,0.627,0.383,0.0758,2020
Gangsta,Kehlani,0.465,0.446,0.131,0.102,2020
Monster,Lady Gaga,0.694,0.801,0.646,0.00124,2020
My Ordinary Life,The Living Tombstone,0.648,0.827,0.598,0.00533,2020
Walked In,Ultradiox,0.891,0.538,0.643,0.123,2020
Lemonade,Internet Money,0.799,0.66,0.471,0.256,2020
F2020,Avenue Beat,0.702,0.597,0.383,0.587,2020
Desperado,Rihanna,0.685,0.61,0.323,0.323,2020
Tap In,Saweetie,0.954,0.696,0.432,0.00576,2020
Good Form (feat. Lil Wayne) - Remix,Nicki Minaj,0.898,0.733,0.295,0.0533,2020
Island In The Sun,Weezer,0.654,0.81,0.661,0.00719,2020
Deep End Freestyle,Sleepy Hallow,0.876,0.479,0.776,0.703,2020
Ramalama (Bang Bang),Róisín Murphy,0.822,0.655,0.518,0.205,2020
Outside (feat. Ellie Goulding),Calvin Harris,0.646,0.823,0.418,0.213,2020
Only The Young - Featured in Miss Americana,Taylor Swift,0.56,0.78,0.602,0.00244,2020
Wet (She Got That…),YFN Lucci,0.695,0.642,0.316,0.238,2020
Walk Man,Tiny Meat Gang,0.928,0.696,0.396,0.331,2020
Marlboro Nights,Lonely God,0.497,0.825,0.812,0.00166,2020
Aesthetic,Xilo,0.714,0.594,0.45,0.965,2020
Paris,Else,0.792,0.583,0.54,0.023,2020
Do It,Chloe x Halle,0.725,0.668,0.566,0.0932,2020
Hello?,Clairo,0.839,0.473,0.0644,0.641,2020
Yellow Hearts (feat. Audrey Mika),Ant Saunders,0.816,0.401,0.678,0.464,2020
Love Story (Taylor’s Version),Taylor Swift,0.626,0.79,0.416,0.135,2020
Another Day Of Sun,La La Land Cast,0.588,0.742,0.824,0.0162,2020
iSpy (feat. Lil Yachty),KYLE,0.746,0.653,0.672,0.378,2020
Vibin',Kesh Kesh,0.686,0.805,0.289,0.00478,2020
Hungry Hippo,Tierra Whack,0.893,0.61,0.778,0.0227,2020
Becky,Championxiii,0.934,0.439,0.289,0.00506,2020
Kraazy,Likybo,0.689,0.701,0.37,0.314,2020
Kream (feat. Tyga),Iggy Azalea,0.785,0.425,0.192,0.0335,2020
Let Go,Ark Patrol,0.47,0.436,0.0389,0.67,2020
Lost,Frank Ocean,0.913,0.603,0.497,0.0272,2020
Still Don't Know My Name,Labrinth,0.316,0.63,0.313,0.471,2020
Disco Inferno,50 Cent,0.925,0.659,0.71,0.206,2020
Famous (I'm The One) (feat. Yo Gotti & DeJ Loaf),Mozzy,0.432,0.612,0.253,0.00185,2020
Marry Me,Rasheeda,0.769,0.637,0.361,0.0476,2020
TKN (feat. Travis Scott),ROSALÍA,0.776,0.509,0.485,0.192,2020
Do It Again,Pia Mia,0.712,0.564,0.411,0.0266,2020
223's (feat. 9lokknine),YNW Melly,0.932,0.547,0.695,0.0388,2020
VALENTINO,24kGoldn,0.746,0.717,0.523,0.199,2020
May I,Flo Milli,0.896,0.78,0.85,0.0828,2020
THICK (feat. Megan Thee Stallion) - Remix,DJ Chose,0.877,0.747,0.679,0.0288,2020
Rake It Up (feat. Nicki Minaj),Yo Gotti,0.91,0.444,0.53,0.022,2020
Crisis,Jasiah,0.76,0.794,0.583,0.263,2020
Banana (feat. Shaggy) - DJ FLe - Minisiren Remix,Conkarah,0.824,0.854,0.896,0.016,2020
Ponteme Despalda,Nfasis,0.78,0.766,0.441,0.0181,2020
When She Loved Me,Lyn Lapid,0.604,0.0458,0.617,0.973,2020
Say It Right,Nelly Furtado,0.872,0.872,0.809,0.0476,2020
To the Right,Devour,0.946,0.671,0.731,0.204,2020
Let It Happen,Tame Impala,0.602,0.881,0.577,0.00462,2020
"Lemonade (feat. Gunna, Don Toliver & NAV)",Internet Money,0.8,0.658,0.462,0.25,2020
Let's Do It Again,J Boog,0.631,0.696,0.927,0.578,2020
SLOW DANCING IN THE DARK,Joji,0.515,0.479,0.284,0.544,2020
hate u love u,Olivia O'Brien,0.407,0.416,0.246,0.656,2020
Laxed – Siren Beat,Jawsh 685,0.736,0.62,0.959,0.0577,2020
Get It Together,Drake,0.781,0.721,0.849,0.0945,2020
Pocketful of Sunshine,Natasha Bedingfield,0.721,0.88,0.655,0.191,2020
Always Forever,Cults,0.174,0.742,0.36,0.00181,2020
Party Party Party (feat. Chris Brown & Dej Loaf),DJ Carisma,0.601,0.602,0.564,0.00376,2020
Interior Crocodile Alligator,Chip Tha Ripper,0.742,0.727,0.774,0.0136,2020
One Wish,Ray J,0.525,0.652,0.602,0.278,2020
Baby I'm Yours,Breakbot,0.829,0.792,0.758,0.726,2020
Cha Cha,Freddie Dredd,0.792,0.698,0.751,0.489,2020
Go Go Go Who's Next?,Hip Hop Harry,0.95,0.738,0.568,0.113,2020
No Role Modelz,J. Cole,0.69,0.521,0.494,0.324,2020
Addison Rae,The Kid LAROI,0.901,0.49,0.397,0.0155,2020
WHATS POPPIN,Jack Harlow,0.923,0.604,0.826,0.017,2020
Cheryl,Yung Gravy,0.801,0.698,0.502,0.0477,2020
Ultralight Beam,Kanye West,0.592,0.403,0.391,0.62,2020
Mr. Clean,Yung Gravy,0.758,0.701,0.626,0.685,2020
feel something,Bea Miller,0.74,0.415,0.156,0.242,2020
Rodeo,Lil Nas X,0.706,0.679,0.657,0.139,2020
Then Leave (feat. Queendom Come),BeatKing,0.912,0.568,0.491,0.0656,2020
I Wanna Love You,Akon,0.863,0.501,0.357,0.0164,2020
Everybody Talks,Neon Trees,0.471,0.924,0.725,0.00301,2020
Can't Leave 'Em Alone (feat. 50 Cent),Ciara,0.527,0.696,0.499,0.209,2020
Moment 4 Life,Nicki Minaj,0.68,0.881,0.386,0.406,2020
We R Who We R,Kesha,0.736,0.817,0.653,0.00987,2020
Give Your Heart a Break,Demi Lovato,0.651,0.695,0.569,0.23,2020
Lucky,Britney Spears,0.765,0.791,0.966,0.262,2020
Buttons,The Pussycat Dolls,0.57,0.821,0.408,0.178,2020
Get Busy,Sean Paul,0.735,0.824,0.726,0.615,2020
ROCKSTAR (feat. Roddy Ricch),DaBaby,0.746,0.69,0.497,0.247,2020
Who Says,Selena Gomez & The Scene,0.682,0.927,0.744,0.0843,2020
Crystal Dolphin,Engelwood,0.558,0.776,0.247,0.33,2020
STAY (with Justin Bieber),The Kid LAROI,0.591,0.764,0.478,0.0383,2021
Peaches (feat. Daniel Caesar & Giveon),Justin Bieber,0.677,0.696,0.464,0.321,2021
edamame (feat. Rich Brian),bbno$,0.815,0.848,0.684,0.023,2021
Here's Your Perfect,Jamie Miller,0.558,0.454,0.424,0.499,2021
It's You,Sezairi,0.63,0.456,0.166,0.545,2021
Take You Dancing,Jason Derulo,0.789,0.711,0.753,0.0332,2021
It's Only Me - Studio Version,Kaleb J,0.602,0.298,0.316,0.31,2021
Reckless,Madison Beer,0.386,0.426,0.261,0.807,2021
deja vu,Olivia Rodrigo,0.442,0.612,0.178,0.584,2021
Paradise,Bazzi,0.844,0.644,0.591,0.0828,2021
Never (feat. OMI),Marcus & Martinus,0.651,0.595,0.816,0.279,2021
Need to Know,Doja Cat,0.664,0.609,0.194,0.304,2021
Into Your Arms (feat. Ava Max),Witt Lowry,0.504,0.788,0.228,0.0134,2021
Apollo,Nightcore High,0.483,0.611,0.325,0.117,2021
Dễ Đến Dễ Đi,Quang Hùng MasterD,0.873,0.444,0.406,0.752,2021
Dinero,Trinidad Cardona,0.708,0.782,0.484,0.00772,2021
Tutu,Camilo,0.731,0.832,0.94,0.273,2021
Know Me Too Well,New Hope Club,0.75,0.698,0.834,0.427,2021
Stereo Hearts (feat. Adam Levine),Gym Class Heroes,0.646,0.795,0.796,0.0319,2021
Beggin',Måneskin,0.714,0.8,0.589,0.127,2021
#BrooklynBloodPop!,SyKo,0.691,0.814,0.509,0.0164,2021
So Big,Iyaz,0.697,0.688,0.666,0.29,2021
double take,dhruv,0.654,0.434,0.223,0.837,2021
everything sucks,vaultboy,0.76,0.371,0.653,0.00772,2021
Unlock it (Lock It) - feat. Kim Petras and Jay Park,Charli XCX,0.504,0.711,0.5,0.0585,2021
The Business,Tiësto,0.798,0.62,0.235,0.414,2021
good 4 u,Olivia Rodrigo,0.556,0.661,0.668,0.3,2021
Caroline,Aminé,0.94,0.335,0.707,0.17,2021
Ратата,Konfuz,0.921,0.524,0.895,0.172,2021
Build a Bitch,Bella Poarch,0.855,0.463,0.866,0.217,2021
Cheating on You,Charlie Puth,0.749,0.535,0.601,0.0131,2021
Levitating,Dua Lipa,0.695,0.884,0.914,0.0561,2021
After School,Weeekly,0.634,0.928,0.738,0.00719,2021
Leave The Door Open,Bruno Mars,0.586,0.616,0.719,0.182,2021
MONTERO (Call Me By Your Name),Lil Nas X,0.61,0.508,0.758,0.297,2021
2 Phút Hơn - KAIZ Remix,Pháo,0.845,0.733,0.28,0.0265,2021
晚安晚安 (DJ版),小三金,0.624,0.528,0.642,0.284,2021
Astronaut In The Ocean,Masked Wolf,0.778,0.695,0.472,0.175,2021
Kẻ Cắp Gặp Bà Già - Remix,DJ TikTok,0.875,0.677,0.798,0.0391,2021
SugarCrash!,ElyOtto,0.745,0.74,0.36,0.53,2021
Stuck in the Middle,Tai Verdes,0.844,0.429,0.764,0.574,2021
Please Don't Go,Mike Posner,0.699,0.882,0.657,0.00296,2021
Renai Circulation (English Cover) [2012 TV Size],Lizz Robinett,0.896,0.555,0.772,0.252,2021
Copines,Aya Nakamura,0.701,0.787,0.904,0.27,2021
FACK,Eminem,0.842,0.602,0.372,0.00638,2021
To the Bone,Pamungkas,0.668,0.727,0.939,0.514,2021
Rasputin,Boney M.,0.69,0.752,0.97,0.463,2021
Gimme More,Britney Spears,0.788,0.844,0.382,0.25,2021
The Show,Lenka,0.753,0.59,0.593,0.259,2021
3 Strikes,Terror Jr,0.599,0.432,0.615,0.62,2021
Yours,Raiden,0.676,0.774,0.392,0.137,2021
Dangerous,Kardinal Offishall,0.949,0.79,0.807,0.00437,2021
Heartbreak Anniversary,Giveon,0.449,0.465,0.543,0.524,2021
BANG BANG BANG,BIGBANG,0.69,0.843,0.428,0.0167,2021
Safe And Sound,Capital Cities,0.655,0.819,0.766,0.000176,2021
Savage Days,Eric D,0.757,0.836,0.756,0.00324,2021
Dilemma,Nelly,0.727,0.552,0.607,0.227,2021
"Sit Still, Look Pretty",Daya,0.657,0.739,0.543,0.141,2021
YRN - Remix,Eduardo Luzquiños,0.808,0.782,0.634,0.0241,2021
Brave,Sara Bareilles,0.551,0.836,0.758,0.00502,2021
At My Worst,Pink Sweat$,0.813,0.415,0.667,0.777,2021
Dandelions,Ruth B.,0.609,0.692,0.454,0.0157,2021
drivers license,Olivia Rodrigo,0.561,0.431,0.137,0.768,2021
happier,Olivia Rodrigo,0.395,0.443,0.338,0.765,2021
Woman,Doja Cat,0.824,0.764,0.881,0.0888,2021
Kiss Me More (feat. SZA),Doja Cat,0.764,0.705,0.781,0.259,2021
You're Perfect,Charly Black,0.817,0.855,0.783,0.318,2021
My Universe,Coldplay,0.588,0.701,0.443,0.00813,2021
Permission to Dance,BTS,0.702,0.741,0.646,0.00544,2021
Butter,BTS,0.759,0.459,0.695,0.00323,2021
LALISA,LISA,0.804,0.652,0.854,0.0267,2021
MONEY,LISA,0.826,0.553,0.4,0.163,2021
Hair (feat. Sean Paul),Little Mix,0.713,0.801,0.727,0.00628,2021
What You Know Bout Love,Pop Smoke,0.709,0.548,0.543,0.65,2021
My Lecon,JTL,0.945,0.821,0.528,0.281,2021
Hatchback,Cochise,0.734,0.692,0.348,0.0221,2021
Shower,Becky G,0.699,0.529,0.121,0.0317,2021
Replay,Iyaz,0.706,0.751,0.195,0.173,2021
Love Me,Lil Wayne,0.669,0.634,0.496,0.0125,2021
Hello Bitches,CL,0.714,0.884,0.584,0.00985,2021
Life Goes On,Oliver Tree,0.7,0.49,0.569,0.186,2021
Why,Bazzi,0.676,0.67,0.54,0.353,2021
GUY.exe,Superfruit,0.77,0.732,0.889,0.0305,2021
Young Dumb & Broke,Khalid,0.799,0.539,0.394,0.199,2021
You Don't Know Me,Jax Jones,0.877,0.658,0.693,0.163,2021
broken,lovelytheband,0.666,0.728,0.51,0.00175,2021
Hot N Cold,Katy Perry,0.706,0.841,0.861,7.95e-05,2021
Who Says,Selena Gomez & The Scene,0.682,0.927,0.744,0.0843,2021
Habits (Stay High),Tove Lo,0.733,0.65,0.348,0.0703,2021
Bundles (feat. Taylor Girlz),Kayla Nicole,0.939,0.682,0.584,0.00152,2021
Middle,DJ Snake,0.583,0.695,0.224,0.0141,2021
INDUSTRY BABY (feat. Jack Harlow),Lil Nas X,0.736,0.704,0.894,0.0203,2021
Pumped Up Kicks,Madism,0.669,0.687,0.386,0.152,2021
Bad Habits,Ed Sheeran,0.808,0.897,0.591,0.0469,2021
Pepas,Farruko,0.762,0.766,0.442,0.00776,2021
Jalebi Baby (Tesher x Jason Derulo),Tesher,0.691,0.829,0.866,0.0289,2021
INFERNO,Sub Urban,0.82,0.611,0.637,0.0766,2021
THATS WHAT I WANT,Lil Nas X,0.737,0.846,0.546,0.00614,2021
Savage Love (Laxed - Siren Beat),Jawsh 685,0.767,0.481,0.761,0.234,2021
Play Date,Melanie Martinez,0.68,0.729,0.446,0.612,2021
Mood (feat. iann dior),24kGoldn,0.7,0.722,0.756,0.221,2021
Electric Love,BØRNS,0.611,0.797,0.518,0.00543,2021
Good Days,SZA,0.436,0.655,0.412,0.499,2021
You Right,Doja Cat,0.828,0.621,0.436,0.0164,2021
idfc,blackbear,0.63,0.5,0.315,0.611,2021
Be Kind (with Halsey),Marshmello,0.63,0.633,0.452,0.00776,2021
love nwantiti (ah ah ah),CKay,0.727,0.739,0.533,0.365,2021
34+35,Ariana Grande,0.83,0.585,0.485,0.237,2021
positions,Ariana Grande,0.737,0.802,0.682,0.468,2021
Eenie Meenie,Sean Kingston,0.72,0.607,0.828,0.0543,2021
Calling My Phone,Lil Tjay,0.907,0.393,0.202,0.451,2021
What A Shame,Leyla Blue,0.699,0.463,0.565,0.315,2021
Maniac,Conan Gray,0.628,0.639,0.493,0.00162,2021
Fashion Week,cry,0.717,0.846,0.713,0.00401,2021
Hold On,Justin Bieber,0.658,0.634,0.302,0.0104,2021
Somebody To You,The Vamps,0.526,0.818,0.896,0.0587,2021
Shouldn't Be,Luke Chiang,0.651,0.291,0.302,0.738,2021
Give Love,AKMU,0.793,0.706,0.839,0.332,2021
PYRO,Chester Young,0.718,0.977,0.259,0.143,2021
Maps,Maroon 5,0.742,0.713,0.879,0.0205,2021
Wildest Dreams,Taylor Swift,0.553,0.664,0.467,0.0709,2021
Baby I Got Issues,U/NITISH,0.734,0.495,0.539,0.548,2021
Motive X - Promiscuous Mix,Khlaw,0.786,0.764,0.789,0.00584,2021
"No Guidance, Remake",Litfranse,0.697,0.505,0.172,0.121,2021
Way Back Home,SHAUN,0.745,0.739,0.556,0.405,2021
Like I Can,Sam Smith,0.656,0.627,0.481,0.343,2021
Miss Independent,Ne-Yo,0.668,0.673,0.727,0.48,2021
Sweet but Psycho,Ava Max,0.72,0.706,0.62,0.0684,2021
Say So,Doja Cat,0.787,0.673,0.779,0.264,2021
motive (with Doja Cat),Ariana Grande,0.789,0.742,0.661,0.0681,2021
WFM,RealestK,0.437,0.184,0.247,0.72,2021
Die Young,Kesha,0.711,0.7,0.801,0.00498,2021
Some,BOL4,0.659,0.799,0.782,0.417,2021
dirty laundry,blackbear,0.766,0.64,0.67,0.051,2021
Classic,MKTO,0.72,0.79,0.755,0.0383,2021
Where'd You Go (feat. Holly Brook & Jonah Matranga),Fort Minor,0.684,0.819,0.25,0.262,2021
Still into You,Paramore,0.602,0.923,0.765,0.0098,2021
Where Them Girls At (feat. Nicki Minaj & Flo Rida),David Guetta,0.666,0.876,0.552,0.055,2021
Toxic,BoyWithUke,0.594,0.612,0.687,0.835,2021
Я буду ебать,Moreart,0.811,0.712,0.497,0.142,2021
TWINNEM,Coi Leray,0.885,0.353,0.316,0.0866,2021
Might Be,DJ Luke Nasty,0.448,0.782,0.694,0.378,2021
Heat Waves,Glass Animals,0.761,0.525,0.531,0.44,2021
Low (feat. T-Pain),Flo Rida,0.918,0.609,0.304,0.0928,2021
Take You To Hell,Ava Max,0.501,0.682,0.503,0.135,2021
True Love (feat. Lily Allen),P!nk,0.457,0.823,0.578,0.00144,2021
24/7,Celina Sharma,0.704,0.638,0.386,0.385,2021
In The Bible (with Lil Durk & Giveon),Drake,0.686,0.385,0.147,0.614,2021
Because Of You,Ne-Yo,0.81,0.538,0.828,0.528,2021
BOOM,Tiësto,0.886,0.84,0.203,0.0164,2021
放個大招給你看 (OPPO Reno 宣傳曲),Ryan.B,0.704,0.576,0.921,0.654,2021
Soap,Melanie Martinez,0.595,0.689,0.213,0.254,2021
California Gurls,Katy Perry,0.791,0.754,0.425,0.00446,2021
Insomnia,Craig David,0.62,0.884,0.594,0.00595,2021
One Time,Justin Bieber,0.691,0.853,0.762,0.0631,2021
Me Too,Meghan Trainor,0.934,0.694,0.833,0.0971,2021
SAD GIRLZ LUV MONEY Remix (feat. Kali Uchis and Moliy),Amaarae,0.859,0.525,0.312,0.434,2021
Infinity,Jaymes Young,0.671,0.673,0.494,0.148,2021
No Lie,Sean Paul,0.742,0.882,0.463,0.0466,2021
"SG (with Ozuna, Megan Thee Stallion & LISA of BLACKPINK)",DJ Snake,0.8,0.837,0.702,0.00406,2021
Day 'n' Nite,Kid Cudi,0.88,0.445,0.787,0.515,2021
Up (feat. Demi Lovato),Olly Murs,0.692,0.831,0.676,0.0146,2021
Title,Meghan Trainor,0.779,0.754,0.883,0.343,2021
Style,Taylor Swift,0.588,0.791,0.487,0.00245,2021
Every Summertime,NIKI,0.628,0.676,0.723,0.393,2021
Snowman,Sia,0.716,0.512,0.326,0.483,2021
Se Acabó la Cuarentena,Jowell & Randy,0.886,0.605,0.646,0.00127,2021
abcdefu,GAYLE,0.695,0.54,0.415,0.299,2021
Hips Don't Lie (feat. Wyclef Jean),Shakira,0.778,0.824,0.758,0.284,2021
Save Your Tears,The Weeknd,0.68,0.826,0.644,0.0212,2021
hot girl bummer,blackbear,0.778,0.559,0.678,0.128,2021
I Wanna Love You,Akon,0.865,0.45,0.352,0.0359,2021
All I Wanna Do,Jay Park,0.613,0.668,0.509,0.245,2021
Ain't Your Mama,Jennifer Lopez,0.757,0.678,0.82,0.0472,2021
Teenage Dream,Katy Perry,0.719,0.798,0.591,0.0162,2021
Like A G6,Far East Movement,0.435,0.837,0.778,0.00676,2021
Love Me,Justin Bieber,0.729,0.868,0.632,0.00939,2021
Baby,Justin Bieber,0.728,0.859,0.535,0.0401,2021
Favorite Girl,Justin Bieber,0.581,0.681,0.634,0.0472,2021
Love Tonight - David Guetta Remix Edit,Shouse,0.621,0.989,0.0348,0.015,2021
Ghost,Justin Bieber,0.601,0.741,0.441,0.185,2021
Polaroid Love,ENHYPEN,0.738,0.67,0.651,0.458,2021
Save Your Tears (with Ariana Grande) (Remix),The Weeknd,0.65,0.825,0.593,0.0215,2021
MIDDLE OF THE NIGHT,Elley Duhé,0.41,0.611,0.0899,0.0228,2021
We Found Love,Rihanna,0.734,0.766,0.6,0.025,2021
Panda,Desiigner,0.685,0.731,0.266,0.0292,2021
TO THE MOON,Jnr Choi,0.745,0.65,0.386,0.0451,2021
Upside Down,JVKE,0.88,0.501,0.459,0.0494,2021
lowkey,NIKI,0.752,0.494,0.227,0.432,2021
Desce Pro Play (PA PA PA),ZAAC,0.935,0.71,0.635,0.0769,2021
Running Up That Hill (A Deal With God),Kate Bush,0.629,0.547,0.197,0.72,2022
As It Was,Harry Styles,0.52,0.731,0.662,0.342,2022
Sunroof,Nicky Youre,0.768,0.716,0.841,0.35,2022
Heat Waves,Glass Animals,0.761,0.525,0.531,0.44,2022
About Damn Time,Lizzo,0.836,0.743,0.722,0.0995,2022
Glimpse of Us,Joji,0.44,0.317,0.268,0.891,2022
Bad Habit,Steve Lacy,0.686,0.494,0.7,0.613,2022
STAY (with Justin Bieber),The Kid LAROI,0.591,0.764,0.478,0.0383,2022
Enemy (with JID) - from the series Arcane League of Legends,Imagine Dragons,0.728,0.783,0.555,0.237,2022
First Class,Jack Harlow,0.905,0.563,0.324,0.0254,2022
Afraid To Feel,LF SYSTEM,0.578,0.912,0.68,0.0166,2022
Betty (Get Money),Yung Gravy,0.723,0.772,0.58,0.00524,2022
abcdefu,GAYLE,0.695,0.54,0.415,0.299,2022
Being Good Is Boring,Jena Rose,0.767,0.758,0.844,0.0368,2022
MIDDLE OF THE NIGHT,Elley Duhé,0.41,0.611,0.0899,0.0228,2022
Envolver,Anitta,0.812,0.736,0.396,0.152,2022
AMG,Jt5k,0.802,0.509,0.0567,0.0283,2022
SNAP,Rosa Linn,0.563,0.639,0.518,0.107,2022
Baby Girl,Disco Lines,0.73,0.907,0.249,0.0921,2022
Flex On My Ex (with Bankrol Hayden),KillBunk,0.619,0.707,0.365,0.00601,2022
House of Memories,Panic! At The Disco,0.506,0.817,0.506,0.00272,2022
The Plan,Arman Aydin,0.812,0.653,0.864,0.0059,2022
Thousand Miles,The Kid LAROI,0.376,0.657,0.203,0.0858,2022
INDUSTRY BABY (feat. Jack Harlow),Lil Nas X,0.736,0.704,0.894,0.0203,2022
Until I Found You,Stephen Sanchez,0.539,0.508,0.227,0.727,2022
Oh No,Kreepa,0.541,0.527,0.429,0.00279,2022
Cooped Up (with Roddy Ricch),Post Malone,0.669,0.773,0.377,0.038,2022
TO THE MOON,Jnr Choi,0.745,0.65,0.386,0.0451,2022
Dreamer,Astelle,0.744,0.848,0.823,0.0811,2022
Left and Right (Charlie Puth) [feat. Jung Kook of BTS] - Sped Up Version,sped up nightcore,0.827,0.456,0.689,0.622,2022
Pepas,YES YES,0.691,0.823,0.149,0.0235,2022
Bam Bam (feat. Ed Sheeran),Camila Cabello,0.756,0.697,0.956,0.182,2022
Fever - Remix,XY&O,0.782,0.586,0.724,0.0608,2022
On My Way!,P.S.,0.797,0.666,0.855,0.167,2022
Another Love,Tom Odell,0.445,0.537,0.131,0.695,2022
Frozen,Madonna,0.706,0.633,0.375,0.267,2022
Riptide,Viva La Panda,0.621,0.847,0.373,0.0584,2022
Down Under (feat. Colin Hay),Luude,0.308,0.861,0.0386,0.012,2022
Meet Me At Our Spot,THE ANXIETY,0.773,0.47,0.399,0.0153,2022
When You're Gone,Paradigm,0.783,0.753,0.663,0.0117,2022
That Bxtch,Taylor Watson,0.645,0.681,0.458,0.037,2022
Long Road,HotBlock Jmoe,0.738,0.685,0.663,0.135,2022
Without You,John De Sohn,0.643,0.745,0.461,0.0449,2022
Light Switch,Charlie Puth,0.69,0.626,0.912,0.105,2022
I Wanna Know,Alex Alexander,0.772,0.754,0.88,0.348,2022
"1, 2, 3 (feat. Jason Derulo & De La Ghetto)",Sofía Reyes,0.792,0.895,0.794,0.165,2022
credit union,Kinrose,0.776,0.656,0.649,0.329,2022
love nwantiti (ah ah ah),CKay,0.727,0.739,0.533,0.365,2022
Bad Habits,Ed Sheeran,0.808,0.897,0.591,0.0469,2022
Leap of Faith,Alex Alexander,0.557,0.802,0.778,0.00924,2022
Ocean Eyes,Farux,0.729,0.763,0.113,0.668,2022
Chaa Chaa Chaa (feat. HoodCelebrityy),Girll Codee,0.808,0.592,0.628,0.431,2022
Late Night Talking,Harry Styles,0.714,0.728,0.901,0.298,2022
Moi... Lolita,Monaldin,0.796,0.66,0.735,0.0531,2022
Warning / Signs,Matvey Emerson,0.712,0.829,0.541,0.0891,2022
Serenity,Shab,0.688,0.595,0.312,0.0515,2022
MAMIII,Becky G,0.843,0.7,0.899,0.0934,2022
Running To You (feat. Caden),VINAI,0.579,0.727,0.246,0.0321,2022
Good Morning,P.S.,0.732,0.511,0.691,0.15,2022
MONTERO (Call Me By Your Name),Lil Nas X,0.61,0.508,0.758,0.297,2022
Tainted Love,Thatsimo,0.646,0.765,0.362,0.0437,2022
Build a Bitch,Bella Poarch,0.855,0.463,0.866,0.217,2022
SAD GIRLZ LUV MONEY Remix (feat. Kali Uchis and Moliy),Amaarae,0.87,0.523,0.319,0.433,2022
Can't Get You Out of My Head,loafers,0.642,0.61,0.294,0.16,2022
THATS WHAT I WANT,Lil Nas X,0.737,0.846,0.546,0.00614,2022
We Know,JAM & Philly,0.871,0.819,0.712,0.142,2022
Cold Heart - PNAU Remix,Elton John,0.795,0.8,0.934,0.0354,2022
Jiggle Jiggle,Duke & Jones,0.864,0.412,0.654,0.458,2022
Lost,Frank Ocean,0.912,0.594,0.514,0.0319,2022
Would I Lie to You,MISERO,0.796,0.731,0.498,0.529,2022
Crazy,Alex D'Rosso,0.681,0.865,0.494,0.282,2022
Life Goes On,Oliver Tree,0.7,0.49,0.569,0.186,2022
Dinero,Trinidad Cardona,0.708,0.782,0.484,0.00772,2022
Pieces,Nippandab,0.698,0.78,0.203,0.157,2022
Pope Is a Rockstar,SALES,0.725,0.446,0.311,0.85,2022
Looking for Love,Asketa & Natan Chaim,0.748,0.894,0.503,0.311,2022
edamame (feat. Rich Brian),bbno$,0.815,0.848,0.684,0.023,2022
I Hate U,SZA,0.535,0.388,0.412,0.507,2022
She Wolf (Falling to Pieces),YES YES,0.592,0.719,0.169,0.00858,2022
Memories,Coopex,0.745,0.862,0.738,0.335,2022
Ameno Amapiano Remix (You Wanna Bamba),Goya Menor,0.807,0.898,0.743,0.188,2022
Say My Name,Why Not,0.773,0.74,0.659,0.00779,2022
Woman,Doja Cat,0.824,0.764,0.881,0.0888,2022
Leave The Door Open,Bruno Mars,0.586,0.616,0.719,0.182,2022
I AM WOMAN,Emmy Meli,0.646,0.471,0.455,0.122,2022
Paint It Black,Dame Dame,0.69,0.741,0.0774,0.0433,2022
Vacation,Dirty Heads,0.736,0.751,0.839,0.0381,2022
Free Falling Love,Lucas Estrada,0.771,0.932,0.139,0.311,2022
Ocean Drive,Harddope,0.645,0.868,0.51,0.0661,2022
Kiss Me More (feat. SZA),Doja Cat,0.762,0.701,0.742,0.235,2022
Beggin',Måneskin,0.714,0.8,0.589,0.127,2022
The Hills,Farux,0.656,0.778,0.736,0.4,2022
Young Folks,Jungle Jonsson,0.75,0.731,0.335,0.068,2022
good 4 u,Olivia Rodrigo,0.563,0.664,0.688,0.335,2022
Complicated,Nito-Onna,0.724,0.692,0.419,0.074,2022
Jalebi Baby (Tesher x Jason Derulo),Tesher,0.691,0.829,0.866,0.0289,2022
You Don't Know Me,Dame Dame,0.701,0.836,0.373,0.0304,2022
Talking to the Moon,Bruno Mars,0.498,0.59,0.0784,0.511,2022
Say It Right,MØRFI,0.764,0.793,0.127,0.0132,2022
Astronaut In The Ocean,Masked Wolf,0.778,0.695,0.472,0.175,2022
Creep,Naeleck,0.615,0.829,0.0754,0.0555,2022
Counting Stars,Farux,0.659,0.721,0.454,0.501,2022
Buss It,Erica Banks,0.918,0.434,0.75,0.569,2022
When You Were Young,Amero,0.806,0.845,0.508,0.0825,2022
Apologize,Farux,0.677,0.71,0.325,0.532,2022
Beauty And A Beat,Glamii,0.746,0.866,0.519,0.124,2022
Why,Padé,0.61,0.902,0.478,0.133,2022
Better Days (NEIKED x Mae Muller x Polo G),NEIKED,0.717,0.671,0.699,0.0018,2022
The Motto,Tiësto,0.754,0.763,0.464,0.0301,2022
Need to Know,Doja Cat,0.664,0.609,0.194,0.304,2022
Whatever You Like,DLAY,0.687,0.679,0.614,0.109,2022
MONEY,LISA,0.831,0.554,0.396,0.161,2022
Freaks,Surf Curse,0.345,0.941,0.407,3.84e-05,2022
Heart of Glass,Nito-Onna,0.75,0.838,0.397,0.194,2022
Blinding Lights,The Weeknd,0.514,0.73,0.334,0.00146,2022
Thot Shit,Megan Thee Stallion,0.95,0.693,0.891,0.0133,2022
Mr. Saxobeat,Nito-Onna,0.696,0.899,0.517,0.131,2022
Moves Like Jagger,Timemachine,0.552,0.831,0.733,0.0905,2022
Pumped Up Kicks,Madism,0.669,0.687,0.386,0.152,2022
Beautiful Mistakes (feat. Megan Thee Stallion),Maroon 5,0.713,0.676,0.721,0.0377,2022
RAPSTAR,Polo G,0.789,0.536,0.437,0.41,2022
Lies,Dame Dame,0.823,0.771,0.658,0.627,2022
Ready 4 Luv - TMLH Summer Mix,CAZZETTE,0.679,0.869,0.41,0.00969,2022
Ain't Shit,Doja Cat,0.855,0.488,0.619,0.506,2022
Wellerman - Sea Shanty / 220 KID x Billen Ted Remix,Nathan Evans,0.722,0.893,0.439,0.0441,2022
So Pretty,Reyanna Maria,0.799,0.543,0.25,0.0512,2022
Todo De Ti,Rauw Alejandro,0.78,0.718,0.342,0.31,2022
Write This Down (Instrumental),SoulChef,0.826,0.738,0.781,0.00355,2022
Peaches (feat. Daniel Caesar & Giveon),Justin Bieber,0.677,0.696,0.464,0.321,2022
positions,Ariana Grande,0.736,0.802,0.675,0.468,2022
Slow Down,Coopex,0.715,0.72,0.41,0.134,2022
What If,HOURS,0.609,0.777,0.349,0.00162,2022
Running Away,VANO 3000,0.58,0.696,0.721,0.66,2022
Aesthetic,Xilo,0.714,0.594,0.45,0.965,2022
Levitating (feat. DaBaby),Dua Lipa,0.702,0.825,0.915,0.00883,2022
Work from Home,Coopex,0.845,0.669,0.86,0.181,2022
Bundles (feat. Taylor Girlz),Kayla Nicole,0.939,0.682,0.584,0.00152,2022
Sweater Weather,The Neighbourhood,0.612,0.807,0.398,0.0495,2022
As It Was,Michael Shynes,0.595,0.812,0.483,0.00321,2022
Follow Me,Senhit,0.707,0.867,0.485,0.00453,2022
Calling My Phone,Lil Tjay,0.907,0.393,0.202,0.451,2022
Wicked Game,YES YES,0.755,0.835,0.471,0.0202,2022
You Right,Doja Cat,0.828,0.621,0.436,0.0164,2022
Whoopty,CJ,0.719,0.648,0.66,0.2,2022
Electric Love,BØRNS,0.611,0.797,0.518,0.00543,2022
When Hello Means Goodbye,Alex Alexander,0.741,0.475,0.597,0.0214,2022
"More Than A Woman - From ""Saturday Night Fever"" Soundtrack",Bee Gees,0.601,0.703,0.673,0.175,2022
Friday (feat. Mufasa & Hypeman) - Dopamine Re-Edit,Riton,0.824,0.862,0.801,0.0076,2022
Hawái,Maluma,0.783,0.727,0.558,0.185,2022
Mood (feat. iann dior),24kGoldn,0.7,0.722,0.756,0.221,2022
Paid,Astelle,0.861,0.631,0.675,0.0188,2022
drivers license,Olivia Rodrigo,0.585,0.436,0.132,0.721,2022
Lemonade,Internet Money,0.799,0.66,0.471,0.256,2022
K Boy Bye,Astelle,0.547,0.865,0.638,0.0141,2022
Up,Cardi B,0.868,0.795,0.819,0.0012,2022
Just The Two of Us,Kauai45,0.592,0.214,0.422,0.936,2022
Play With Me,Ana Shine,0.714,0.666,0.486,0.223,2022
Best Friend (feat. Doja Cat),Saweetie,0.84,0.766,0.402,0.00302,2022
Cupid's Chokehold / Breakfast in America,Gym Class Heroes,0.72,0.744,0.619,0.237,2022
Forever,Nadia Gattas,0.75,0.879,0.333,0.0233,2022
The Business,Tiësto,0.798,0.62,0.235,0.414,2022
telepatía,Kali Uchis,0.653,0.524,0.553,0.112,2022
"Gravity (feat. Tyler, The Creator)",Brent Faiyaz,0.539,0.615,0.493,0.173,2022
motive (with Doja Cat),Ariana Grande,0.789,0.742,0.661,0.0681,2022
Feel Your Love,Yusuf Alev,0.68,0.778,0.511,0.0705,2022
Lost on You,sad girls,0.599,0.692,0.307,0.124,2022
Good Days,SZA,0.436,0.655,0.412,0.499,2022
What You Know Bout Love,Pop Smoke,0.709,0.548,0.543,0.65,2022
Rude Boy,YES YES,0.739,0.734,0.471,0.0242,2022
WAP (feat. Megan Thee Stallion),Cardi B,0.935,0.454,0.357,0.0194,2022
Savage Love (Laxed - Siren Beat),Jawsh 685,0.767,0.481,0.761,0.234,2022
dirty laundry,blackbear,0.766,0.64,0.67,0.051,2022
HOLIDAY,Lil Nas X,0.81,0.511,0.837,0.12,2022
WITHOUT YOU,The Kid LAROI,0.662,0.413,0.467,0.213,2022
Fly,Alex D'Rosso,0.676,0.842,0.388,0.0578,2022
ROCKSTAR (feat. Roddy Ricch),DaBaby,0.746,0.69,0.497,0.247,2022
34+35,Ariana Grande,0.83,0.585,0.485,0.237,2022
Rover (feat. DTG),S1mba,0.613,0.624,0.803,0.496,2022
Put Your Records On,Ritt Momney,0.399,0.492,0.159,0.058,2022
Mood Swings (feat. Lil Tjay),Pop Smoke,0.48,0.602,0.269,0.487,2022
Therefore I Am,Billie Eilish,0.889,0.34,0.716,0.218,2022
Wild & Free,Nander,0.474,0.722,0.274,0.0604,2022
Glad You Came,Braaheim,0.732,0.919,0.136,0.0271,2022
For The Night (feat. Lil Baby & DaBaby),Pop Smoke,0.823,0.586,0.347,0.114,2022
Backyard Boy,Claire Rosinkranz,0.819,0.642,0.452,0.336,2022
TKN (feat. Travis Scott),ROSALÍA,0.776,0.509,0.485,0.192,2022
Say It Right,Coopex,0.712,0.816,0.449,0.152,2022
Without You,Baby Bluu,0.625,0.698,0.204,0.0107,2022
Play Date,Melanie Martinez,0.68,0.729,0.446,0.612,2022
Freak,Doja Cat,0.688,0.716,0.373,0.0969,2022
Falling Down,Andrew Nagy,0.574,0.852,0.0363,0.032,2022
Wait a Minute!,WILLOW,0.764,0.705,0.672,0.0371,2022
Banana (feat. Shaggy) - DJ FLe - Minisiren Remix,Conkarah,0.824,0.854,0.896,0.016,2022
Over You,Myrrhe,0.863,0.325,0.537,0.667,2022
FLIP THE SWITCH (feat. Drake),Quavo,0.853,0.637,0.496,0.129,2022
The Boss,Coopex,0.734,0.789,0.258,0.0809,2022
Party Girl,StaySolidRocky,0.728,0.431,0.629,0.749,2022
Love Me Again,CPX,0.798,0.824,0.242,0.206,2022
Renee,SALES,0.924,0.386,0.424,0.755,2022
Don't Rush (feat. Headie One),Young T & Bugsey,0.961,0.461,0.324,0.202,2022
Right Here Waiting,Boostereo,0.639,0.704,0.285,0.0646,2022
THE SCOTTS,THE SCOTTS,0.716,0.537,0.28,0.233,2022
Cool for the Summer,Alex D'Rosso,0.805,0.871,0.443,0.177,2022
Kiss Me,Lucas Estrada,0.588,0.685,0.122,0.374,2022
Red Flag,Pia Baris,0.715,0.706,0.348,0.326,2022
One too Many Times,JRL,0.721,0.778,0.449,0.00262,2022
Boys Ain't Shit,SAYGRACE,0.826,0.615,0.841,0.435,2022
Boss Bitch,Doja Cat,0.707,0.955,0.575,0.127,2022
Only Girl,Coopex,0.792,0.832,0.186,0.367,2022
Tap In,Saweetie,0.954,0.696,0.432,0.00576,2022
Forever,Gianni Blu,0.753,0.75,0.266,0.00421,2022
Rather Be,Cabuizee,0.706,0.895,0.556,0.299,2022
Savage,Megan Thee Stallion,0.843,0.741,0.68,0.0252,2022
Blueberry Faygo,Lil Mosey,0.774,0.554,0.349,0.207,2022
Break My Heart,Dua Lipa,0.73,0.729,0.467,0.167,2022
On My Way,Alex Alexander,0.67,0.544,0.772,0.0429,2022
Astronomia,Vicetone,0.653,0.945,0.325,0.00561,2022
The Box,Roddy Ricch,0.896,0.586,0.642,0.104,2022
What's up?,LeXxìv,0.641,0.597,0.394,0.000399,2022
Supalonely,BENEE,0.863,0.631,0.817,0.305,2022
Toosie Slide,Drake,0.83,0.49,0.845,0.289,2022
Don't Start Now,Dua Lipa,0.794,0.793,0.677,0.0125,2022
Be Kind (with Halsey),Marshmello,0.63,0.633,0.452,0.00776,2022
Intentions (feat. Quavo),Justin Bieber,0.806,0.546,0.874,0.3,2022
Old Times,Xtinctor,0.581,0.718,0.149,0.0195,2022
"Hey, Soul Sister",LANDR,0.642,0.725,0.134,0.192,2022
Later Bitches,The Prince Karma,0.769,0.518,0.504,0.000573,2022
Life Is Good (feat. Drake),Future,0.676,0.609,0.508,0.0706,2022
WHATS POPPIN,Jack Harlow,0.923,0.604,0.826,0.017,2022
Let Her Go,LANDR,0.712,0.803,0.308,0.00537,2022
Sunday Best,Surfaces,0.878,0.525,0.694,0.183,2022
DÁKITI,Dame Dame,0.726,0.815,0.627,0.206,2022
Say So,Doja Cat,0.787,0.673,0.779,0.264,2022
In Your Eyes,The Weeknd,0.667,0.719,0.717,0.00285,2022
Falling,Trevor Daniel,0.785,0.431,0.236,0.123,2022
Let It Go,Dame Dame,0.769,0.796,0.681,0.0279,2022
death bed (coffee for your head),Powfu,0.726,0.431,0.348,0.731,2022
That Way,Lil Uzi Vert,0.719,0.611,0.489,0.0582,2022
Baby I'm Yours,Breakbot,0.829,0.792,0.758,0.726,2022
BOP,DaBaby,0.769,0.787,0.836,0.189,2022
OUT WEST (feat. Young Thug),JACKBOYS,0.802,0.591,0.309,0.0104,2022
Blinding Lights,The Weeknd,0.513,0.796,0.345,0.00147,2022
When the Sun Goes Down,Martin van Lectro,0.544,0.748,0.391,0.0646,2022
Skechers,DripReport,0.907,0.332,0.277,0.326,2022
ROXANNE,Arizona Zervas,0.621,0.601,0.457,0.0522,2022
Shooting Stars,Bag Raiders,0.649,0.716,0.503,0.0879,2022
The Git Up,Blanco Brown,0.847,0.678,0.811,0.0669,2022
Payphone,Faruk Orman,0.721,0.707,0.462,0.563,2022
I Don't Care (with Justin Bieber),Ed Sheeran,0.798,0.675,0.842,0.0912,2022
hot girl bummer,blackbear,0.778,0.559,0.678,0.128,2022
Demons,CPX,0.7,0.848,0.29,0.317,2022
Girls Like You (feat. Cardi B) - Cardi B Version,Maroon 5,0.851,0.541,0.448,0.568,2022
Without Me,Halsey,0.752,0.488,0.533,0.297,2022
Plug Walk,Rich The Kid,0.876,0.519,0.158,0.202,2022
California Dreaming,Jorm,0.717,0.865,0.487,0.0222,2022
Rockstar,Ilkay Sencan,0.771,0.826,0.185,0.142,2022
Falling for U,Peachy!,0.516,0.358,0.397,0.743,2022
Lovely,Alfons,0.504,0.677,0.0375,0.316,2022
The Less I Know The Better,Tame Impala,0.64,0.74,0.785,0.0115,2022
Dandelions,Ruth B.,0.609,0.692,0.454,0.0157,2022
Jimmy Cooks (feat. 21 Savage),Drake,0.529,0.673,0.366,0.000307,2022
Good Looking,Suki Waterhouse,0.377,0.558,0.267,0.0789,2022
INFERNO,Sub Urban,0.82,0.611,0.637,0.0766,2022
